53.2138,5.79989,20.1832,53.2138,5.79989,20.1832,480901
53.2138,5.79993,19.326,53.2138,5.79993,19.326,480902
53.2138,5.79988,11.4101,53.2138,5.79988,11.4101,480902
53.2139,5.79979,4.28518,53.2139,5.79979,4.28518,480902
53.2139,5.79978,-0.260093,53.2139,5.79978,-0.260093,480902
53.213,5.80071,32.6735,53.213,5.80071,32.6735,480902
53.2129,5.80081,44.6872,53.2129,5.80081,44.6872,480903
53.2129,5.80081,52.7127,53.2129,5.80081,52.7127,480903
53.2129,5.80078,55.0388,53.2129,5.80078,55.0388,480903
53.2131,5.8006,51.5968,53.2131,5.8006,51.5968,480903
53.2132,5.80044,54.1301,53.2132,5.80044,54.1301,480903
53.2134,5.80025,42.5506,53.2134,5.80025,42.5506,480904
53.2134,5.8002,50.5273,53.2134,5.8002,50.5273,480904
53.2135,5.80008,44.3636,53.2135,5.80008,44.3636,480904
53.2134,5.80017,34.2806,53.2134,5.80017,34.2806,480904
53.2134,5.80014,39.8115,53.2134,5.80014,39.8115,480904
53.2134,5.8001,44.6838,53.2134,5.8001,44.6838,480905
53.2133,5.80027,50.7426,53.2133,5.80027,50.7426,480905
53.2133,5.80033,52.932,53.2133,5.80033,52.932,480905
53.2133,5.8004,50.4605,53.2133,5.8004,50.4605,480905
53.2131,5.80063,47.9177,53.2131,5.80063,47.9177,480905
53.2131,5.80059,42.3428,53.2131,5.80059,42.3428,480906
53.2132,5.80048,43.8484,53.2132,5.80048,43.8484,480906
53.2133,5.80031,45.5473,53.2133,5.80031,45.5473,480906
53.2134,5.80023,41.1111,53.2134,5.80023,41.1111,480906
53.2133,5.80028,46.8267,53.2133,5.80028,46.8267,480906
53.2133,5.8003,34.8734,53.2133,5.8003,34.8734,480907
53.2133,5.80025,36.5034,53.2133,5.80025,36.5034,480907
53.2132,5.80039,31.4173,53.2132,5.80039,31.4173,480907
53.2132,5.80044,8.85318,53.2132,5.80044,8.85318,480907
53.2131,5.80052,12.0909,53.2131,5.80052,12.0909,480907
53.2131,5.80052,5.42297,53.2131,5.80052,5.42297,480908
53.2132,5.8005,12.2581,53.2132,5.8005,12.2581,480908
53.2132,5.80053,10.8495,53.2132,5.80053,10.8495,480908
53.2132,5.8005,10.4131,53.2132,5.8005,10.4131,480908
53.2132,5.80047,21.2716,53.2132,5.80047,21.2716,480908
53.2135,5.80004,61.5433,53.2135,5.80004,61.5433,480909
53.2135,5.80003,57.6589,53.2135,5.80003,57.6589,480909
53.2136,5.79996,56.1215,53.2136,5.79996,56.1215,480909
53.2139,5.7997,9.15273,53.2139,5.7997,9.15273,480909
53.2128,5.80076,42.152,53.2128,5.80076,42.152,480909
53.2128,5.8008,47.8513,53.2128,5.8008,47.8513,480910
53.2127,5.80092,45.8672,53.2127,5.80092,45.8672,480910
53.2126,5.801,46.4529,53.2126,5.801,46.4529,480910
53.2126,5.80106,54.36,53.2126,5.80106,54.36,480910
53.2126,5.80104,46.8694,53.2126,5.80104,46.8694,480910
53.2126,5.80111,35.9846,53.2126,5.80111,35.9846,480911
53.2125,5.80118,49.8597,53.2125,5.80118,49.8597,480911
53.2127,5.80095,44.5716,53.2127,5.80082,28.6608,480911
53.2133,5.80012,13.7911,53.2133,5.79999,-2.0985,480911
53.2124,5.80134,87.0578,53.212,5.80068,96.911,480913
53.213,5.80082,49.549,53.213,5.79978,34.0002,480914
53.2129,5.80079,53.2058,53.213,5.79975,37.6339,480914
53.2129,5.80083,52.1013,53.2129,5.79978,36.5537,480914
53.2126,5.80063,-4.5335,53.2125,5.79943,-55.0189,480914
53.2126,5.80059,-1.79362,53.2125,5.79939,-52.1864,480914
53.2126,5.80065,1.0027,53.2125,5.79945,-49.3974,480915
53.2127,5.80074,23.3956,53.2126,5.79954,-27.0546,480915
53.2128,5.80081,37.175,53.2127,5.79961,-13.231,480915
53.2128,5.80075,52.8174,53.2127,5.79955,2.41865,480915
53.2128,5.80076,65.0702,53.2128,5.79956,14.7106,480915
53.2128,5.80078,58.6524,53.2127,5.79958,8.25884,480916
53.2128,5.8008,60.7426,53.2127,5.7996,10.407,480916
53.2129,5.80076,76.0677,53.2128,5.79956,25.7949,480916
53.213,5.80066,77.796,53.2129,5.79946,27.3985,480916
53.2131,5.80064,96.525,53.213,5.79944,46.2881,480916
53.2132,5.80061,104.326,53.2131,5.79941,54.0453,480917
53.2132,5.80055,105.508,53.2131,5.79935,55.2347,480917
53.2133,5.80048,114.916,53.2132,5.79928,64.6099,480917
53.2133,5.80049,120.766,53.2132,5.79929,70.4888,480917
53.2131,5.80061,106.626,53.213,5.79941,56.3237,480917
53.2129,5.80078,79.2718,53.2128,5.79958,29.0335,480918
53.2129,5.80073,75.5252,53.2128,5.79954,25.2265,480918
53.2129,5.80074,58.4446,53.2128,5.79954,8.12192,480918
53.2129,5.8008,75.6042,53.2128,5.7996,25.2587,480918
53.2129,5.80077,84.6297,53.2128,5.79957,34.3603,480918
53.213,5.80066,90.5177,53.2129,5.79947,40.2766,480919
53.213,5.80058,81.8612,53.2129,5.79938,31.6419,480919
53.213,5.80038,83.4539,53.2129,5.79918,33.1725,480919
53.2131,5.80029,88.7883,53.213,5.79909,38.5733,480919
53.213,5.80018,79.1959,53.213,5.79898,28.8948,480919
53.2131,5.80031,81.4337,53.2127,5.79966,91.3087,480920
53.2133,5.80016,69.6154,53.2129,5.7995,79.4979,480921
53.2131,5.80029,73.1615,53.2127,5.79964,83.0973,480921
53.2129,5.8005,77.7472,53.2126,5.79984,87.5942,480921
53.2131,5.80036,73.1517,53.2127,5.79971,83.0746,480921
53.213,5.80046,86.1124,53.2127,5.79981,96.0745,480921
53.213,5.80052,95.3476,53.2126,5.79987,105.328,480922
53.2132,5.80029,82.144,53.2129,5.79964,92.0632,480922
53.2134,5.80005,85.6718,53.2131,5.7994,95.6182,480922
53.2136,5.79981,71.4049,53.2132,5.79915,81.3563,480922
53.214,5.7994,50.1938,53.2136,5.79874,60.0697,480922
53.214,5.79932,52.2258,53.2137,5.79866,62.1142,480923
53.2143,5.79913,32.559,53.2139,5.79847,42.4992,480923
53.2144,5.79891,19.217,53.2141,5.79826,29.0692,480923
53.2146,5.79871,7.50284,53.2143,5.79805,17.4533,480923
53.2144,5.79891,25.597,53.2141,5.79825,35.5174,480923
53.2145,5.79882,14.4318,53.2142,5.79816,24.3546,480924
53.2144,5.79888,30.36,53.214,5.79822,40.2866,480924
53.2143,5.799,38.7466,53.2139,5.79835,48.6957,480924
53.2142,5.79915,44.6611,53.2138,5.7985,54.5853,480924
53.2142,5.7991,41.0715,53.2138,5.79844,51.0708,480924
53.214,5.79927,62.1897,53.2136,5.79862,72.072,480925
53.2141,5.79919,53.1394,53.2137,5.79854,63.1192,480925
53.2142,5.79903,39.6488,53.2139,5.79838,49.5877,480925
53.2143,5.79904,29.1148,53.2139,5.79839,39.0494,480925
53.2138,5.79949,52.6586,53.2138,5.79845,37.2432,480925
53.2138,5.79949,51.6673,53.2138,5.79845,36.2539,480926
53.2138,5.7995,50.9154,53.2138,5.79846,35.4991,480926
53.2138,5.7995,56.5496,53.2138,5.79846,41.1224,480926
53.2138,5.79948,53.1995,53.2138,5.79844,37.787,480926
53.2138,5.79938,55.1304,53.2139,5.79834,39.7301,480926
53.2138,5.79939,53.7823,53.2139,5.79835,38.3457,480927
53.2141,5.79915,38.6193,53.2137,5.79849,48.6165,480927
53.214,5.79922,46.0028,53.2136,5.79857,55.9867,480927
53.2139,5.79936,53.166,53.2135,5.79871,63.1574,480927
53.2139,5.79931,46.2724,53.2136,5.79865,56.2521,480927
53.2141,5.79919,37.256,53.2137,5.79853,47.2531,480928
53.214,5.79923,42.5136,53.2137,5.79857,52.4245,480928
53.214,5.79918,28.0863,53.2137,5.79853,38.0816,480928
53.2141,5.79913,19.7507,53.2137,5.79847,29.7682,480928
53.2138,5.79943,35.6288,53.2135,5.79877,45.692,480928
53.2139,5.79948,29.692,53.2135,5.79882,39.6684,480929
53.2138,5.79952,25.9967,53.2135,5.79887,36.0048,480929
53.2138,5.79956,29.7592,53.2134,5.79891,39.7056,480929
53.2136,5.79972,45.1371,53.2133,5.79906,55.1181,480929
53.2138,5.79952,38.9839,53.2135,5.79887,48.9525,480929
53.2138,5.79951,42.6624,53.2134,5.79886,52.6307,480930
53.2138,5.79957,46.8117,53.2134,5.79892,56.7994,480930
53.2138,5.79948,44.207,53.2135,5.79883,54.2603,480930
53.2137,5.79959,49.7373,53.2133,5.79894,59.7689,480930
53.2137,5.79962,44.5403,53.2134,5.79897,54.5814,480930
53.2136,5.79971,52.0112,53.2133,5.79906,61.9956,480931
53.2137,5.79962,42.0231,53.2133,5.79897,51.9742,480931
53.2136,5.79977,51.5627,53.2132,5.79911,61.5449,480931
53.2135,5.79986,58.9131,53.2131,5.79921,68.9415,480931
53.2133,5.80008,85.3257,53.2133,5.79904,70.0118,480931
53.2133,5.79998,84.5784,53.2134,5.79894,69.3027,480932
53.2133,5.8,76.1254,53.2134,5.79896,60.8162,480932
53.2133,5.79996,80.0685,53.2134,5.79892,64.748,480932
53.2133,5.79997,90.4782,53.2134,5.79893,75.1684,480932
53.2133,5.79999,91.6564,53.2134,5.79895,76.3702,480932
53.2133,5.80006,89.1734,53.2133,5.79902,73.8767,480933
53.2132,5.80005,89.4737,53.2133,5.79901,74.1963,480933
53.2133,5.80005,89.9004,53.2133,5.79901,74.6233,480933
53.2133,5.80001,90.6594,53.2134,5.79897,75.3906,480933
53.2133,5.8,91.9428,53.2134,5.79896,76.681,480933
53.2133,5.80009,92.2817,53.2133,5.79905,77.0176,480934
53.2132,5.80017,91.4673,53.2133,5.79913,76.1994,480934
53.2136,5.79987,67.5326,53.2132,5.79922,77.6472,480934
53.2136,5.79977,63.1829,53.2133,5.79912,73.2456,480934
53.2138,5.79965,51.6037,53.2134,5.799,61.7161,480934
53.2136,5.79982,63.0163,53.2133,5.79917,73.1243,480935
53.2136,5.79982,64.0488,53.2133,5.79917,74.1284,480935
53.2138,5.79966,51.6498,53.2135,5.79901,61.7788,480935
53.2137,5.79982,48.3335,53.2133,5.79916,58.3896,480935
53.2135,5.79999,55.2591,53.2131,5.79934,65.3274,480935
53.2135,5.80003,55.4131,53.2131,5.79937,65.5302,480936
53.2134,5.80012,55.8345,53.213,5.79946,65.9229,480936
53.2135,5.80005,56.0393,53.2131,5.7994,66.169,480936
53.2135,5.80006,60.9185,53.2131,5.79941,71.0458,480936
53.2135,5.79997,62.2548,53.2132,5.79932,72.3877,480936
53.2136,5.79987,44.3404,53.2133,5.79922,54.3805,480937
53.2136,5.79995,58.1229,53.2132,5.7993,68.1484,480937
53.2136,5.79994,47.5806,53.2133,5.79929,57.644,480937
53.2137,5.79988,43.8598,53.2133,5.79923,53.984,480937
53.2136,5.79995,47.6588,53.2132,5.7993,57.7627,480937
53.2136,5.79993,40.5253,53.2133,5.79927,50.6707,480938
53.2138,5.7998,24.4086,53.2134,5.79915,34.5538,480938
53.2137,5.79989,29.4043,53.2134,5.79924,39.5023,480938
53.2136,5.80008,44.658,53.2132,5.79943,54.7981,480938
53.2134,5.80027,52.6163,53.213,5.79961,62.7171,480938
53.2134,5.80024,57.224,53.213,5.79959,67.2988,480939
53.2134,5.80019,50.7571,53.213,5.79954,60.9194,480939
53.2134,5.80015,53.3118,53.213,5.7995,63.43,480939
53.2133,5.80023,63.9934,53.213,5.79958,74.0713,480939
53.2132,5.80034,67.7751,53.2129,5.79969,77.954,480939
53.2134,5.80021,60.5753,53.213,5.79956,70.6571,480940
53.2134,5.80016,75.9986,53.213,5.79951,86.1646,480940
53.2133,5.80028,84.9016,53.2129,5.79962,95.0227,480940
53.2133,5.80021,77.3235,53.213,5.79956,87.4583,480940
53.2133,5.80025,78.119,53.2129,5.7996,88.2557,480940
53.2133,5.80031,76.9172,53.2129,5.79966,87.1086,480941
53.2133,5.80031,82.9637,53.2129,5.79966,93.1026,480941
53.2132,5.80034,85.1911,53.2129,5.79969,95.3066,480941
53.2134,5.80018,67.9017,53.213,5.79953,78.0649,480941
53.2132,5.80034,75.612,53.2128,5.79968,85.7782,480941
53.2132,5.80036,75.6315,53.2128,5.79971,85.7918,480942
53.2132,5.80034,81.7618,53.2128,5.79969,91.9352,480942
53.2131,5.80045,83.5469,53.2127,5.79979,93.7108,480942
53.2132,5.80037,76.9299,53.2128,5.79972,87.0706,480942
53.2131,5.80048,79.7256,53.2128,5.79983,89.9203,480942
53.2132,5.80038,78.7238,53.2128,5.79972,88.9134,480943
53.213,5.80051,84.4748,53.2127,5.79985,94.7242,480943
53.2129,5.80065,100.655,53.2125,5.8,110.873,480943
53.2129,5.80062,97.3016,53.2126,5.79997,107.451,480943
53.2129,5.80071,105.443,53.2125,5.80006,115.648,480943
53.2128,5.80069,105.449,53.2125,5.80004,115.619,480944
53.213,5.80058,100.497,53.2126,5.79993,110.735,480944
53.2131,5.80043,93.1063,53.2127,5.79978,103.284,480944
53.2131,5.80039,95.1573,53.2127,5.79974,105.36,480944
53.2133,5.80014,86.0292,53.2129,5.79949,96.2225,480944
53.2132,5.80017,91.1924,53.2129,5.79951,101.368,480945
53.2133,5.80014,91.4711,53.2129,5.79949,101.729,480945
53.2132,5.8002,92.1899,53.2129,5.79955,102.451,480945
53.2133,5.8001,83.5202,53.213,5.79944,93.707,480945
53.2133,5.80014,71.1957,53.2129,5.79948,81.3911,480945
53.2133,5.80012,71.6377,53.213,5.79947,81.8532,480946
53.2135,5.79998,64.3346,53.2131,5.79933,74.4884,480946
53.2134,5.80009,64.1146,53.213,5.79944,74.39,480946
53.2133,5.80018,73.5476,53.213,5.79953,83.7794,480946
53.2133,5.8002,75.6908,53.2129,5.79955,85.9427,480946
53.2133,5.80014,71.4693,53.213,5.79949,81.6487,480947
53.2133,5.80022,73.2687,53.2129,5.79957,83.4515,480947
53.2134,5.80012,66.577,53.2131,5.79947,76.8231,480947
53.2134,5.80019,72.2734,53.213,5.79954,82.5106,480947
53.2133,5.80024,72.7482,53.2129,5.79959,82.9547,480947
53.2135,5.80009,63.1348,53.2131,5.79944,73.3595,480948
53.2135,5.80003,57.5536,53.2132,5.79938,67.837,480948
53.2136,5.7999,50.2506,53.2133,5.79925,60.4644,480948
53.2137,5.7998,40.0277,53.2134,5.79915,50.2295,480948
53.2136,5.79993,42.6366,53.2132,5.79928,52.8057,480948
53.2136,5.79993,46.0492,53.2132,5.79928,56.2764,480949
53.2136,5.79986,46.033,53.2133,5.79921,56.2567,480949
53.2138,5.79968,28.8367,53.2134,5.79903,39.1,480949
53.2137,5.79978,31.2429,53.2133,5.79913,41.5354,480949
53.2138,5.79969,36.1517,53.2134,5.79903,46.4121,480949
53.2139,5.79954,25.5498,53.2136,5.79889,35.7272,480950
53.214,5.79945,16.5278,53.2136,5.7988,26.7773,480950
53.2138,5.7996,13.1247,53.2135,5.79895,23.3548,480950
53.2141,5.79936,6.01394,53.2137,5.79871,16.2692,480950
53.2141,5.79937,-5.70815,53.2137,5.79872,4.49882,480950
53.2141,5.79925,-8.70411,53.2138,5.7986,1.47497,480951
53.214,5.79935,-4.93494,53.2137,5.79869,5.26878,480951
53.2139,5.79945,8.75432,53.2136,5.7988,19.0288,480951
53.2139,5.79945,14.832,53.2136,5.79879,25.042,480951
53.214,5.79941,8.42698,53.2136,5.79875,18.6698,480951
53.214,5.79941,0.644951,53.2136,5.79875,10.8581,480952
53.214,5.79935,2.09784,53.2137,5.7987,12.3363,480952
53.2141,5.79939,-2.10508,53.2137,5.79874,8.08936,480952
53.2142,5.79926,-13.7814,53.2138,5.79861,-3.53571,480952
53.2141,5.79928,-8.27353,53.2138,5.79863,1.98012,480952
53.2141,5.79935,3.12799,53.2137,5.7987,13.358,480953
53.2141,5.79939,13.0076,53.2137,5.79873,23.2813,480953
53.2141,5.79938,18.0267,53.2137,5.79873,28.2538,480953
53.2139,5.79954,36.9197,53.2136,5.79889,47.2262,480953
53.2138,5.79976,39.6395,53.2134,5.79911,49.8893,480953
53.2137,5.79982,53.2212,53.2134,5.79917,63.5662,480954
53.2138,5.79983,54.2286,53.2134,5.79918,64.5134,480954
53.2136,5.79997,54.509,53.2133,5.79931,64.7956,480954
53.2133,5.80021,65.1344,53.213,5.79956,75.4416,480954
53.2132,5.80025,77.7258,53.2128,5.7996,88.0061,480954
53.2131,5.80025,93.2504,53.2128,5.7996,103.612,480955
53.2133,5.8,87.5688,53.213,5.79935,97.8858,480955
53.2136,5.79965,65.8038,53.2132,5.79899,76.1638,480955
53.2137,5.79946,55.048,53.2134,5.7988,65.3601,480955
53.2138,5.79934,42.6799,53.2134,5.79869,52.9426,480955
53.2139,5.79923,29.4488,53.2135,5.79857,39.8129,480956
53.2137,5.79946,39.1514,53.2137,5.79842,24.1494,480956
53.2137,5.79951,39.6446,53.2141,5.7981,32.1896,480956
53.2137,5.79946,49.4363,53.2138,5.79842,34.4694,480956
53.2137,5.79951,63.1808,53.2137,5.79848,48.2052,480956
53.2136,5.79962,65.8885,53.2137,5.79858,50.9184,480957
53.2137,5.79961,66.243,53.2137,5.79857,51.2768,480957
53.2137,5.79954,59.857,53.2138,5.79851,44.8998,480957
53.2137,5.79957,54.909,53.2137,5.79853,39.9383,480957
53.2137,5.79959,52.5952,53.2137,5.79855,37.6647,480957
53.2137,5.79957,54.825,53.2138,5.79853,39.8985,480958
53.2137,5.79969,54.5322,53.2137,5.79865,39.5699,480958
53.2137,5.7997,46.4494,53.2137,5.79866,31.5076,480958
53.2137,5.79968,50.5022,53.2137,5.79864,35.5881,480958
53.2137,5.79971,49.6472,53.2137,5.79867,34.7228,480958
53.2136,5.79975,55.1905,53.2137,5.79871,40.2435,480959
53.2136,5.79975,60.3419,53.2136,5.79872,45.4045,480959
53.2137,5.7997,57.1579,53.2137,5.79866,42.2639,480959
53.2137,5.79967,49.8257,53.2138,5.79863,34.9155,480959
53.2137,5.79967,50.8819,53.2137,5.79864,35.9546,480959
53.2136,5.79967,51.8506,53.2137,5.79864,36.9529,480960
53.2135,5.79979,54.3183,53.2136,5.79875,39.4139,480960
53.2136,5.79976,54.365,53.2136,5.79873,39.4386,480960
53.2134,5.79988,54.4128,53.2135,5.79885,39.4991,480960
53.2134,5.79992,55.96,53.2134,5.79889,41.0303,480960
53.2134,5.79988,57.5483,53.2135,5.79884,42.6417,480961
53.2134,5.79993,53.9013,53.2134,5.79889,39.0089,480961
53.2133,5.79998,52.9751,53.2134,5.79894,38.1188,480961
53.2134,5.79997,49.6351,53.2134,5.79893,34.763,480961
53.2133,5.79998,36.367,53.2134,5.79894,21.4633,480961
53.2133,5.80001,29.0378,53.2133,5.79897,14.1201,480962
53.2133,5.80007,38.8421,53.2133,5.79903,23.9432,480962
53.2132,5.8001,33.6205,53.2133,5.79907,18.6981,480962
53.2132,5.80012,44.1837,53.2133,5.79908,29.319,480962
53.2132,5.80014,44.2502,53.2133,5.7991,29.3411,480962
53.2132,5.8002,46.9093,53.2132,5.79916,31.9879,480963
53.2131,5.80026,52.5244,53.2132,5.79923,37.6285,480963
53.2132,5.80019,44.5864,53.2132,5.79916,29.7089,480963
53.2133,5.80015,29.4235,53.2133,5.79911,14.525,480963
53.2134,5.79999,36.6648,53.2134,5.79895,21.7957,480963
53.2134,5.79994,53.4553,53.2134,5.7989,38.5907,480964
53.2137,5.79971,36.4467,53.2133,5.79906,46.8955,480964
53.2137,5.79963,40.9459,53.2134,5.79898,51.3789,480964
53.2138,5.79958,41.3536,53.2134,5.79893,51.7508,480964
53.2138,5.79958,38.2461,53.2134,5.79893,48.6884,480964
53.2138,5.79958,43.4129,53.2134,5.79893,53.8959,480965
53.2136,5.79981,40.1616,53.2132,5.79916,50.6405,480965
53.2136,5.7998,37.3144,53.2132,5.79915,47.7281,480965
53.2136,5.79977,41.6879,53.2132,5.79912,52.1679,480965
53.2137,5.79959,25.2531,53.2134,5.79894,35.7092,480965
53.2138,5.79954,22.4814,53.2134,5.79889,32.9383,480966
53.2137,5.79962,17.358,53.2134,5.79897,27.8082,480966
53.2136,5.79972,29.0461,53.2132,5.79907,39.5052,480966
53.2135,5.79981,42.5496,53.2131,5.79915,53.0662,480966
53.2136,5.79978,29.2678,53.2132,5.79913,39.7158,480966
53.2137,5.79965,28.0499,53.2133,5.799,38.5067,480967
53.2137,5.79969,27.6352,53.2133,5.79904,38.0099,480967
53.2136,5.79978,30.5144,53.2132,5.79913,40.96,480967
53.2136,5.79977,25.2311,53.2132,5.79912,35.6371,480967
53.2137,5.79966,19.5517,53.2133,5.79901,30.0099,480967
53.2137,5.79971,30.7362,53.2133,5.79906,41.1495,480968
53.2136,5.79977,38.208,53.2132,5.79912,48.7191,480968
53.2137,5.79959,30.6345,53.2134,5.79894,41.0588,480968
53.2138,5.7995,19.1256,53.2134,5.79885,29.5999,480968
53.2136,5.79975,40.0696,53.2132,5.7991,50.6057,480968
53.2136,5.79974,48.2606,53.2132,5.79909,58.7413,480969
53.2137,5.79967,48.5831,53.2133,5.79902,59.0977,480969
53.2137,5.79974,55.1185,53.2133,5.79909,65.62,480969
53.2137,5.79964,46.6415,53.2134,5.79899,57.1483,480969
53.2138,5.7996,41.3772,53.2134,5.79895,51.859,480969
53.2136,5.7999,74.7393,53.214,5.79843,55.441,480974
53.2136,5.79987,71.7946,53.2141,5.7984,52.9717,480974
53.2137,5.79975,62.781,53.2142,5.79829,44.244,480974
53.2137,5.79971,67.4823,53.2141,5.79825,48.9757,480974
53.2137,5.79963,55.6423,53.2142,5.79817,37.3531,480975
53.2138,5.79957,38.3458,53.2143,5.79811,20.2704,480975
53.2138,5.7997,48.505,53.2142,5.79824,30.3918,480975
53.2137,5.79971,40.8249,53.2142,5.79825,22.523,480975
53.2136,5.79973,40.6806,53.2141,5.79826,22.2842,480975
53.2136,5.79974,41.55,53.2141,5.79828,23.1701,480976
53.2137,5.79969,34.6786,53.2141,5.79823,16.4474,480976
53.2137,5.79968,39.4972,53.2142,5.79822,21.3848,480976
53.2137,5.79973,47.6236,53.2141,5.79827,29.52,480976
53.2137,5.79967,38.7283,53.2142,5.79821,20.777,480976
53.2137,5.79963,34.4704,53.2142,5.79817,16.2099,480977
53.2139,5.79951,29.317,53.2143,5.79805,10.4858,480977
53.2142,5.79921,0.216428,53.2146,5.79774,-19.3859,480977
53.2132,5.80014,123.08,53.2138,5.79864,101.395,480986
53.2132,5.80017,122.31,53.2138,5.79868,100.622,480986
53.2132,5.80014,118.107,53.2138,5.79865,96.4079,480986
53.2132,5.80007,105.573,53.2138,5.79857,83.8554,480986
53.2131,5.80019,119.795,53.2137,5.7987,98.1381,480987
53.2131,5.80023,121.194,53.2136,5.79873,99.475,480987
53.2131,5.80019,114.117,53.2137,5.7987,92.4141,480987
53.2131,5.80022,104.728,53.2137,5.79872,83.0067,480987
53.213,5.80032,117.338,53.2136,5.79882,95.6217,480987
53.2131,5.80019,105.924,53.2137,5.79869,84.1504,480988
53.2131,5.80012,102.276,53.2137,5.79863,80.5745,480988
53.213,5.80015,111.713,53.2136,5.79866,89.9682,480988
53.213,5.80014,112.478,53.2136,5.79865,90.7403,480988
53.2131,5.80013,114.994,53.2137,5.79864,93.2575,480988
53.2132,5.80001,95.7913,53.2138,5.79852,74.0444,480989
53.2133,5.79992,78.6456,53.2139,5.79842,56.8793,480989
53.2136,5.7999,57.8494,53.2139,5.79831,57.4929,480997
53.2135,5.79997,63.3747,53.2138,5.79837,63.0267,480998
53.2136,5.79989,66.4786,53.2138,5.79829,66.1582,480998
53.2135,5.79979,72.1249,53.2138,5.7982,71.7961,480998
53.2135,5.79983,73.871,53.2138,5.79824,73.5571,480998
53.2135,5.79967,62.9133,53.2138,5.79808,62.5939,480998
53.2135,5.79982,71.0071,53.2138,5.79823,70.7446,480999
53.2135,5.79991,72.4908,53.2138,5.79832,72.1959,480999
53.2135,5.79993,75.6864,53.2138,5.79833,75.4029,480999
53.2136,5.79953,88.1004,53.214,5.79783,106.122,481003
53.2135,5.79965,87.57,53.214,5.79795,105.623,481004
53.2136,5.7996,89.1061,53.214,5.7979,107.16,481004
53.2136,5.79966,90.9867,53.214,5.79795,109.023,481004
53.2135,5.79969,95.4148,53.214,5.79798,113.428,481004
53.2135,5.79965,93.0456,53.214,5.79794,111.011,481004
53.2135,5.79974,91.0672,53.2139,5.79804,108.976,481005
53.2135,5.79976,88.0611,53.2139,5.79806,105.965,481005
53.2134,5.7999,83.7519,53.2138,5.7982,101.647,481005
53.2135,5.79979,87.6119,53.2139,5.79809,105.557,481005
53.2136,5.79959,99.5776,53.214,5.79789,117.468,481005
53.2137,5.79948,102.692,53.2141,5.79778,120.612,481006
53.2137,5.79944,99.9062,53.2141,5.79774,117.805,481006
53.2135,5.79974,84.631,53.2139,5.79803,102.557,481006
53.2134,5.8,78.2932,53.2138,5.7983,96.1386,481006
53.2134,5.79992,84.2148,53.2139,5.79822,102.069,481006
53.2135,5.79981,95.1916,53.214,5.79811,113.103,481007
53.2134,5.8001,94.3557,53.2138,5.7984,112.249,481007
53.2132,5.80035,86.5581,53.2137,5.79865,104.353,481007
53.2132,5.80044,73.2022,53.2136,5.79874,91.0465,481007
53.2132,5.80032,69.7695,53.2137,5.79863,87.5331,481007
53.2132,5.80025,67.0902,53.2137,5.79855,84.8875,481008
53.2133,5.80019,65.6937,53.2137,5.79849,83.5038,481008
53.2135,5.7999,81.5801,53.2139,5.7982,99.3185,481008
53.2136,5.79973,85.8035,53.214,5.79803,103.645,481008
53.2136,5.79965,80.0445,53.214,5.79795,97.8462,481008
53.2137,5.79956,89.6287,53.2141,5.79787,107.443,481009
53.2137,5.79964,91.6441,53.2142,5.79795,109.383,481009
53.2137,5.79967,70.3552,53.2141,5.79797,88.0384,481009
53.2129,5.80081,49.7592,53.2133,5.79914,67.059,481016
53.2132,5.80025,61.5272,53.2136,5.79857,78.9389,481016
53.2135,5.79992,68.2137,53.2139,5.79824,85.5744,481017
53.2137,5.79961,75.0533,53.2141,5.79793,92.4609,481017
53.2138,5.79938,82.1133,53.2142,5.7977,99.448,481017
53.2138,5.80029,123.499,53.2137,5.79911,76.6998,481046
53.2138,5.80027,139.268,53.2137,5.79908,92.5084,481046
53.2137,5.80016,118.662,53.2136,5.79898,71.8539,481046
53.2137,5.80018,120.108,53.2136,5.799,73.2535,481046
53.2136,5.80017,113.913,53.2135,5.79899,67.2177,481046
53.2136,5.80002,100.064,53.2135,5.79883,53.291,481047
53.2136,5.79996,85.7202,53.2135,5.79878,38.9084,481047
53.2136,5.79994,91.7368,53.2135,5.79876,44.9769,481047
53.2136,5.79994,88.027,53.2135,5.79876,41.2359,481047
53.2136,5.7999,76.3918,53.2135,5.79871,29.6508,481047
53.2136,5.79974,75.1176,53.2135,5.79856,28.3325,481048
53.2137,5.79966,80.0712,53.2136,5.79848,33.2877,481048
53.2138,5.79958,70.8457,53.2137,5.7984,24.0926,481048
53.2137,5.7997,53.811,53.2136,5.79852,6.96144,481048
53.2135,5.79996,51.1456,53.2134,5.79878,4.40057,481048
53.2135,5.80001,66.4026,53.2134,5.79883,19.6776,481049
53.2135,5.80022,82.884,53.2134,5.79904,36.1122,481049
53.2135,5.80036,109.108,53.2134,5.79918,62.3676,481049
53.2136,5.80036,121.789,53.2135,5.79918,75.1075,481049
53.2137,5.80026,127.794,53.2136,5.79908,81.0825,481049
53.2138,5.80035,152.048,53.2137,5.79917,105.432,481050
53.2137,5.80038,145.926,53.2136,5.7992,99.2379,481050
53.2137,5.80032,137.636,53.2136,5.79913,90.9062,481050
53.2136,5.80028,127.426,53.2135,5.7991,80.6841,481050
53.2136,5.80022,115.168,53.2135,5.79904,68.455,481050
53.2136,5.80011,98.7539,53.2135,5.79893,52.0881,481051
53.2136,5.80007,91.1172,53.2134,5.79889,44.518,481051
53.2135,5.79996,82.0256,53.2134,5.79878,35.368,481051
53.2136,5.79996,91.2877,53.2135,5.79878,44.6235,481051
53.2135,5.79993,75.3634,53.2138,5.79888,97.6194,481051
53.2135,5.80003,84.2752,53.2137,5.79897,106.511,481052
53.2136,5.79999,91.1558,53.2134,5.79881,44.5131,481052
53.2136,5.80005,99.4065,53.2135,5.79887,52.8112,481052
53.2136,5.80009,94.7335,53.2135,5.7989,48.0579,481052
53.2136,5.80011,107.804,53.2135,5.79893,61.1864,481052
53.2136,5.80013,110.218,53.2135,5.79895,63.5723,481053
53.2136,5.80003,93.2475,53.2135,5.79885,46.5994,481053
53.2137,5.80009,102.516,53.2136,5.79891,55.9099,481053
53.2137,5.80004,102.105,53.2136,5.79886,55.5133,481053
53.2137,5.80003,97.3835,53.2136,5.79885,50.7356,481053
53.2137,5.8,92.783,53.2136,5.79882,46.111,481054
53.2136,5.80001,82.1378,53.2135,5.79883,35.4948,481054
53.2135,5.79995,62.134,53.2134,5.79877,15.568,481054
53.2135,5.79995,56.22,53.2134,5.79877,9.62493,481054
53.2135,5.79981,39.0162,53.2134,5.79863,-7.60921,481054
53.2135,5.79974,41.1222,53.2134,5.79856,-5.5164,481055
53.2135,5.79979,37.3331,53.2134,5.79861,-9.30059,481055
53.2135,5.79984,37.1822,53.2134,5.79866,-9.46494,481055
53.2134,5.79986,29.983,53.2133,5.79868,-16.6244,481055
53.2134,5.79983,6.8262,53.2133,5.79864,-39.7315,481055
53.2133,5.79987,-1.07951,53.2132,5.79869,-47.7634,481056
53.2133,5.79985,-8.36246,53.2132,5.79867,-54.9267,481056
53.2133,5.79982,-10.9703,53.2132,5.79863,-57.5932,481056
53.2133,5.79972,-22.7837,53.2132,5.79854,-69.4164,481056
53.2132,5.79969,-36.0797,53.2131,5.79851,-82.6761,481056
53.2133,5.79967,-35.0135,53.2132,5.79849,-81.5435,481057
53.2134,5.79951,-26.982,53.2133,5.79833,-73.515,481059
53.2134,5.79954,-15.2482,53.2133,5.79836,-61.8306,481059
53.2134,5.79947,-16.7684,53.2133,5.79829,-63.2428,481059
53.2133,5.79949,-34.1106,53.2132,5.79831,-80.6973,481059
53.2133,5.79946,-26.0213,53.2132,5.79828,-72.57,481060
53.2133,5.7995,-15.4,53.2132,5.79832,-61.8721,481060
53.2134,5.79945,-9.91945,53.2133,5.79827,-56.4069,481060
53.2134,5.79958,3.55543,53.2133,5.7984,-43.0065,481060
53.2134,5.79964,10.1223,53.2133,5.79846,-36.3091,481060
53.2134,5.79969,11.1363,53.2133,5.79851,-35.3739,481061
53.2134,5.79972,23.2615,53.2133,5.79854,-23.2226,481061
53.2133,5.79975,24.732,53.2132,5.79857,-21.7706,481061
53.2133,5.79979,21.5002,53.2132,5.79861,-24.9094,481061
53.2133,5.79973,23.4549,53.2132,5.79855,-22.986,481061
53.2134,5.79974,24.2509,53.2133,5.79856,-22.1729,481062
53.2135,5.79966,42.6121,53.2134,5.79848,-3.7829,481062
53.2136,5.79978,58.9503,53.2135,5.7986,12.531,481062
53.2138,5.79999,116.608,53.2137,5.79881,70.2769,481062
53.2139,5.80016,165.637,53.2138,5.79899,119.332,481062
53.214,5.80028,199.873,53.2139,5.7991,153.608,481063
53.2141,5.80025,204.204,53.214,5.79907,157.911,481063
53.2141,5.8002,200.441,53.214,5.79902,154.194,481063
53.2141,5.80022,183.99,53.2139,5.79904,137.731,481063
53.2136,5.79989,82.0423,53.2137,5.79873,118.994,481063
53.2136,5.79988,79.3029,53.2139,5.7986,93.4812,481064
53.2137,5.79978,72.8484,53.2137,5.79876,59.407,481064
53.2138,5.79968,73.6796,53.2138,5.79866,60.2755,481064
53.2138,5.79976,69.8025,53.2138,5.79874,56.3936,481064
53.2138,5.79972,73.6206,53.2138,5.7987,60.1946,481064
53.2138,5.79969,68.1701,53.2138,5.79867,54.8039,481065
53.2137,5.7997,63.6694,53.2138,5.79869,50.2648,481065
53.2137,5.79972,63.8522,53.2138,5.79871,50.4811,481065
53.2137,5.79976,66.6398,53.2137,5.79875,53.2417,481065
53.2137,5.79977,70.1103,53.2137,5.79875,56.7558,481065
53.2136,5.79983,70.1455,53.2136,5.79881,56.7591,481066
53.2136,5.79984,68.1451,53.2136,5.79882,54.7843,481066
53.2135,5.7999,67.0669,53.2136,5.79888,53.7182,481066
53.2136,5.79989,72.5985,53.2136,5.79887,59.2117,481066
53.2136,5.7999,72.4731,53.2136,5.79888,59.1438,481066
53.2136,5.79991,72.6518,53.2136,5.7989,59.3026,481067
53.2136,5.79988,74.3525,53.2136,5.79886,61.001,481067
53.2135,5.79992,78.4569,53.2136,5.79891,65.1054,481067
53.2135,5.79997,79.0297,53.2135,5.79895,65.6863,481067
53.2135,5.79994,71.4235,53.2135,5.79893,58.0864,481067
53.2135,5.79996,73.5547,53.2135,5.79894,60.2338,481068
53.2134,5.79996,79.3785,53.2135,5.79894,66.0231,481068
53.2134,5.80005,79.334,53.2134,5.79903,66.023,481068
53.2134,5.80006,77.8869,53.2134,5.79904,64.521,481068
53.2133,5.80011,77.4691,53.2134,5.79909,64.1102,481068
53.2133,5.80016,76.4694,53.2133,5.79914,63.155,481069
53.2132,5.80023,80.8652,53.2133,5.79921,67.5168,481069
53.2132,5.80021,81.5159,53.2133,5.79919,68.1674,481069
53.2132,5.80018,82.5448,53.2133,5.79917,69.2155,481069
53.2134,5.79991,108.761,53.2137,5.79862,119.662,481069
53.2134,5.7999,105.968,53.2137,5.79861,116.626,481070
53.2134,5.79992,103.039,53.2137,5.79864,116.287,481070
53.2135,5.79986,101.495,53.2137,5.79859,116.76,481070
53.2135,5.79986,104.497,53.2137,5.79859,119.84,481070
53.2135,5.79985,98.66,53.2138,5.79856,109.279,481070
53.2135,5.79991,97.1841,53.2137,5.79863,110.633,481071
53.2135,5.79994,96.3907,53.2137,5.79867,111.18,481071
53.2135,5.79994,85.6935,53.2138,5.79865,97.3199,481071
53.2134,5.80004,78.7499,53.2137,5.79874,88.7867,481071
53.2134,5.8001,76.8891,53.2137,5.79882,91.119,481071
53.2134,5.80007,76.018,53.2137,5.79877,86.0102,481072
53.2134,5.80009,76.9536,53.2136,5.79881,89.617,481072
53.2134,5.8001,72.9289,53.2136,5.79881,84.0832,481072
53.2133,5.8001,67.2373,53.2136,5.7988,76.6077,481072
53.2133,5.80008,65.4828,53.2136,5.79879,77.8933,481072
53.2133,5.80007,60.0715,53.2136,5.79877,69.7029,481073
53.2134,5.80001,53.9893,53.2136,5.79872,64.6356,481073
53.2135,5.79993,47.7942,53.2137,5.79866,63.9329,481073
53.2134,5.79995,49.2645,53.2135,5.79893,35.9925,481073
53.2135,5.79992,54.9952,53.2135,5.7989,41.7257,481073
53.2136,5.79974,43.9781,53.2137,5.79872,30.7219,481074
53.2137,5.79976,43.206,53.2137,5.79874,29.9791,481074
53.2138,5.79963,62.8456,53.2138,5.79861,49.6185,481074
53.2137,5.79962,67.9234,53.2138,5.7986,54.6503,481074
53.2136,5.79972,53.259,53.2137,5.79871,40.0131,481074
53.2136,5.79974,36.6526,53.2136,5.79872,23.3847,481075
53.2135,5.79979,38.4521,53.2136,5.79877,25.2105,481075
53.2135,5.79986,40.0991,53.2135,5.79884,26.8263,481075
53.2136,5.79975,42.7033,53.2136,5.79874,29.4593,481075
53.2136,5.7998,43.0481,53.2138,5.79851,55.8259,481075
53.2135,5.7998,40.9967,53.2138,5.79851,52.5555,481076
53.2135,5.79977,36.2513,53.2138,5.79847,45.549,481076
53.2135,5.79971,27.3472,53.2138,5.79841,36.9504,481076
53.2136,5.79969,25.9708,53.2138,5.7984,38.3111,481076
53.2135,5.79969,29.0368,53.2138,5.7984,40.664,481076
53.2135,5.79969,30.6055,53.2138,5.7984,42.696,481077
53.2135,5.79974,30.9252,53.2137,5.79847,46.186,481077
53.2135,5.79976,36.724,53.2137,5.79849,52.2823,481077
53.2135,5.79979,37.9762,53.2137,5.79852,53.2486,481077
53.2135,5.79982,38.3424,53.2137,5.79853,49.9283,481077
53.2138,5.79952,-15.6198,53.2143,5.79806,-36.8439,481078
53.2137,5.79959,-2.86399,53.2142,5.79812,-24.2066,481078
53.2137,5.79958,0.415947,53.2142,5.79811,-21.0853,481078
53.2137,5.7996,3.90913,53.2142,5.79814,-17.5793,481078
53.2138,5.79957,-1.38515,53.2143,5.79811,-22.8579,481078
53.2138,5.79959,2.70635,53.2143,5.79813,-18.9232,481079
53.2138,5.7996,4.30697,53.2143,5.79814,-17.2461,481079
53.2138,5.7996,6.18032,53.2143,5.79814,-15.124,481079
53.2137,5.79961,18.1628,53.2142,5.79815,-3.05877,481079
53.2138,5.79963,16.2867,53.2142,5.79817,-4.97669,481079
53.2138,5.79964,19.6324,53.2142,5.79818,-1.87535,481080
53.2137,5.79969,27.4272,53.2142,5.79823,5.71244,481080
53.2137,5.79965,19.0823,53.2142,5.79818,-2.90624,481080
53.2137,5.79971,28.6543,53.2142,5.79825,6.56421,481080
53.2137,5.79972,32.4773,53.2141,5.79825,10.292,481080
53.2136,5.79977,41.4704,53.2141,5.7983,19.567,481081
53.2136,5.79976,36.4464,53.2141,5.7983,14.5145,481081
53.2137,5.79976,33.6044,53.2142,5.7983,11.7859,481081
53.2137,5.79971,28.8399,53.2142,5.79824,6.97093,481081
53.2135,5.79986,60.9646,53.2137,5.79865,89.1455,481081
53.2135,5.79987,64.3126,53.2137,5.7986,78.5928,481082
53.2135,5.79986,61.1137,53.2138,5.79858,74.1896,481082
53.2135,5.79982,55.6328,53.2138,5.79853,68.1596,481082
53.2136,5.79985,56.0301,53.2138,5.7986,74.0491,481082
53.2136,5.79982,55.19,53.2138,5.79852,65.7397,481082
53.2135,5.79981,54.9388,53.2138,5.79852,66.0667,481083
53.2136,5.79977,52.4277,53.2138,5.79849,65.3951,481083
53.2136,5.79973,48.2655,53.2138,5.79844,60.578,481083
53.2136,5.79973,55.0993,53.2138,5.79847,70.951,481083
53.2138,5.79961,34.3966,53.2142,5.79815,12.1941,481083
53.2138,5.79959,28.571,53.2143,5.79812,6.60147,481084
53.2138,5.79959,34.8855,53.2143,5.79813,13.1243,481084
53.2138,5.79953,23.3757,53.2143,5.79807,1.7462,481084
53.2137,5.79957,32.1409,53.2142,5.79811,10.5136,481084
53.2137,5.79963,37.5677,53.2142,5.79817,15.9144,481084
53.2137,5.79966,37.9679,53.2142,5.79819,16.2159,481085
53.2136,5.79971,46.6982,53.2141,5.79824,24.9042,481085
53.2136,5.79967,47.4837,53.2141,5.79821,25.6814,481085
53.2136,5.79974,50.3966,53.2141,5.79828,28.5929,481085
53.2136,5.79972,49.1237,53.2141,5.79826,27.2872,481085
53.2136,5.79971,46.0521,53.2141,5.79825,24.3266,481086
53.2136,5.79966,38.7778,53.2141,5.7982,16.9754,481086
53.2136,5.7997,39.4024,53.2141,5.79823,17.5015,481086
53.2136,5.79972,46.3195,53.2141,5.79825,24.4905,481086
53.2136,5.79973,52.1164,53.214,5.79826,30.1824,481086
53.2136,5.79973,51.0215,53.2141,5.79827,29.1105,481087
53.2135,5.79977,60.2572,53.214,5.7983,38.4135,481087
53.2135,5.7998,59.615,53.214,5.79833,37.5242,481087
53.2134,5.79985,62.8922,53.2139,5.79839,40.9753,481087
53.2137,5.79966,22.0796,53.214,5.79838,35.2298,481087
53.2134,5.79991,74.3497,53.2139,5.79845,52.2352,481088
53.2135,5.79986,63.7389,53.214,5.7984,41.5814,481088
53.2136,5.79977,45.9395,53.2141,5.7983,23.8939,481088
53.2135,5.7998,46.2532,53.214,5.79834,24.0854,481088
53.2136,5.79977,41.6409,53.2141,5.7983,19.4703,481088
53.2136,5.79978,49.2505,53.2141,5.79832,27.1331,481089
53.2136,5.79978,49.1788,53.2141,5.79831,26.931,481089
53.2136,5.79976,52.104,53.2141,5.7983,30.0561,481089
53.2136,5.79973,51.5529,53.2141,5.79826,29.3507,481089
53.2136,5.79974,46.0162,53.2141,5.79827,23.8061,481089
53.2137,5.79967,36.6005,53.2141,5.7982,14.1762,481090
53.2136,5.79973,45.0677,53.2141,5.79827,22.6395,481090
53.2136,5.79974,41.3301,53.2141,5.79828,18.6712,481090
53.2137,5.79963,28.6559,53.2142,5.79816,6.0165,481090
53.2136,5.79967,40.1888,53.2141,5.7982,17.6025,481090
53.2136,5.7997,45.337,53.2141,5.79823,22.8266,481091
53.2136,5.79977,50.9382,53.2141,5.79831,28.3069,481091
53.2135,5.7998,52.8492,53.214,5.79834,30.2177,481091
53.2135,5.79983,58.3044,53.214,5.79836,35.4896,481091
53.2135,5.79989,70.1792,53.214,5.79842,47.4133,481091
53.2135,5.79985,71.1106,53.214,5.79838,48.2473,481092
53.2135,5.79989,66.8118,53.214,5.79842,44.0849,481092
53.2135,5.79988,59.7123,53.214,5.79841,36.8119,481092
53.2135,5.79987,58.4932,53.214,5.7984,35.7296,481092
53.2135,5.7999,59.0411,53.2139,5.79843,36.355,481092
53.2134,5.79987,63.1228,53.2139,5.7984,40.3482,481093
53.2135,5.79992,67.2817,53.214,5.79845,44.0985,481093
53.2135,5.7999,67.2927,53.214,5.79843,44.1871,481093
53.2135,5.79991,64.599,53.214,5.79844,41.4392,481093
53.2134,5.79998,71.0695,53.2136,5.79873,90.0568,481093
53.2134,5.79998,70.0861,53.2137,5.7987,82.7264,481094
53.2134,5.80001,71.4431,53.2136,5.79874,86.6139,481094
53.2134,5.79997,70.9293,53.2136,5.79869,83.2979,481094
53.2134,5.80001,72.6415,53.2136,5.79873,86.2171,481094
53.2133,5.79998,73.7502,53.2136,5.79869,85.0848,481094
53.2133,5.79997,71.2336,53.2136,5.79869,84.4318,481095
53.2134,5.79995,68.5457,53.2136,5.79867,81.8598,481095
53.2134,5.79991,66.3574,53.2136,5.79864,79.7473,481095
53.2134,5.79993,62.8429,53.2136,5.79866,77.7519,481095
53.2134,5.79991,62.6939,53.2137,5.79863,75.9722,481095
53.2134,5.79991,61.3149,53.2137,5.79864,75.4602,481096
53.2134,5.79991,64.6982,53.2136,5.79864,79.9536,481096
53.2134,5.79991,64.4263,53.2137,5.79864,78.822,481096
53.2134,5.79994,65.0778,53.2136,5.79867,80.0688,481096
53.2134,5.7999,63.7157,53.2137,5.79862,76.7304,481096
53.2134,5.79992,61.9458,53.2137,5.79864,75.1416,481097
53.2134,5.7999,62.2811,53.2137,5.79863,76.159,481097
53.2134,5.79992,60.0813,53.2137,5.79865,75.1373,481097
53.2134,5.79995,68.3495,53.2136,5.7987,86.62,481097
53.2134,5.79997,70.0912,53.2137,5.7987,85.762,481097
53.2134,5.8,72.0884,53.2136,5.79873,86.767,481098
53.2134,5.79999,68.6294,53.2136,5.79872,81.7243,481098
53.2134,5.8,61.4,53.2137,5.79872,73.2807,481098
53.2134,5.79998,59.2987,53.2137,5.79871,73.5388,481098
53.2134,5.79995,57.4109,53.2137,5.79867,70.4305,481098
53.2134,5.79996,60.4084,53.2137,5.79868,74.6431,481099
53.2134,5.79997,65.7183,53.2137,5.7987,80.871,481099
53.2134,5.79996,69.0079,53.2137,5.79869,84.4565,481099
53.2135,5.79993,71.1221,53.2137,5.79866,86.7249,481099
53.2135,5.79993,74.3876,53.2137,5.79866,87.9346,481099
53.2134,5.8,81.8063,53.2136,5.79875,98.6504,481100
53.2134,5.79995,76.3938,53.2137,5.79867,87.3795,481100
53.2135,5.79994,76.5229,53.2137,5.79868,91.5996,481100
53.2135,5.79997,77.9864,53.2137,5.7987,93.458,481100
53.2134,5.80002,80.124,53.2137,5.79875,94.9538,481100
53.2134,5.80006,82.3268,53.2136,5.79878,95.9281,481101
53.2134,5.80008,78.2704,53.2136,5.7988,90.2204,481101
53.2134,5.80007,75.9269,53.2136,5.79879,87.5104,481101
53.2133,5.80013,79.4306,53.2136,5.79886,94.7723,481101
53.2133,5.80015,83.777,53.2135,5.79888,98.5264,481101
53.2133,5.80009,78.0651,53.2136,5.7988,87.3823,481102
53.2133,5.79999,68.2762,53.2136,5.79868,76.2738,481102
53.2134,5.79993,65.0663,53.2136,5.79865,77.9093,481102
53.2134,5.79987,61.6507,53.2137,5.79859,73.686,481102
53.2134,5.79976,57.6181,53.2137,5.79848,69.8324,481102
53.2135,5.79969,57.282,53.2137,5.79842,71.4494,481103
53.2136,5.79962,54.2401,53.2138,5.79836,69.5048,481103
53.2136,5.79963,55.2606,53.2138,5.79836,70.5135,481103
53.2136,5.79962,52.8427,53.2138,5.79836,68.0401,481103
53.2136,5.79967,56.1567,53.2138,5.7984,71.7807,481103
53.2136,5.79964,57.5091,53.2138,5.79837,72.2088,481104
53.2136,5.79963,52.7303,53.2139,5.79836,66.9476,481104
53.2136,5.79962,51.2704,53.2139,5.79834,63.1944,481104
53.2137,5.79957,45.4688,53.2139,5.79829,58.2851,481104
53.2137,5.79955,38.5226,53.2139,5.79828,53.29,481104
53.2137,5.7996,39.6054,53.2139,5.79835,56.9865,481105
53.2137,5.79961,31.2324,53.214,5.79831,40.6025,481105
53.2137,5.79961,31.9467,53.2139,5.79833,45.6428,481105
53.2137,5.79962,32.5605,53.2139,5.79834,45.298,481105
53.2137,5.7996,32.2801,53.2139,5.79833,46.0466,481105
53.2137,5.79959,35.2033,53.2139,5.79832,50.2394,481106
53.2137,5.79959,36.4792,53.2139,5.79833,52.4961,481106
53.2137,5.79963,40.8677,53.2139,5.79838,57.8003,481106
53.2137,5.79963,43.2863,53.2139,5.79837,58.8179,481106
53.2137,5.79963,38.697,53.2139,5.79836,52.661,481106
53.2137,5.79966,41.3463,53.2139,5.7984,57.1912,481107
53.2137,5.79968,43.7723,53.2139,5.79842,60.192,481107
53.2137,5.79965,47.468,53.2139,5.79837,60.7439,481107
53.2137,5.79959,42.4897,53.2139,5.7983,52.4086,481107
53.2137,5.79957,38.071,53.2139,5.79829,51.0583,481107
53.2137,5.79961,33.458,53.2139,5.79833,46.2485,481108
53.2137,5.7996,34.0184,53.2139,5.79833,48.025,481108
53.2137,5.79962,32.6532,53.2139,5.79836,47.5462,481108
53.2136,5.79961,30.5527,53.2139,5.79833,42.1397,481108
53.2136,5.79962,32.2102,53.2139,5.79835,45.6901,481108
53.2136,5.7996,31.9424,53.2139,5.79832,43.9907,481109
53.2136,5.79962,32.1216,53.2138,5.79836,47.7839,481109
53.2136,5.79969,36.6631,53.2138,5.79844,55.2335,481109
53.2136,5.79967,36.1183,53.2138,5.7984,49.8147,481109
53.2136,5.79968,37.0728,53.2138,5.79841,51.1546,481109
53.2136,5.79966,40.4174,53.2138,5.79839,55.2227,481110
53.2136,5.79968,48.9023,53.2138,5.79843,67.3586,481110
53.2136,5.79966,52.1475,53.2138,5.79839,65.5785,481110
53.2136,5.79967,51.5424,53.2138,5.7984,65.2986,481110
53.2136,5.79968,46.0937,53.2138,5.7984,58.7358,481110
53.2136,5.7997,38.9153,53.2138,5.79842,50.5052,481111
53.2136,5.79972,37.94,53.2138,5.79845,52.1561,481111
53.2135,5.79977,39.4976,53.2138,5.79851,54.0184,481111
53.2135,5.79982,47.1892,53.2137,5.79857,64.3991,481111
53.2135,5.79991,53.5731,53.2137,5.79865,70.2062,481111
53.2135,5.79992,55.4451,53.2137,5.79865,70.1177,481112
53.2134,5.79997,58.1183,53.2137,5.79871,75.0103,481112
53.2134,5.79997,62.1155,53.2137,5.79871,78.0482,481112
53.2134,5.79996,65.7184,53.2137,5.7987,81.2321,481112
53.2135,5.79995,63.9045,53.2137,5.79868,78.3764,481112
53.2135,5.79998,64.0991,53.2137,5.79872,78.7872,481113
53.2134,5.80002,65.9859,53.2137,5.79874,78.7428,481113
53.2134,5.80003,66.4137,53.2136,5.79876,80.7818,481113
53.2134,5.79999,65.5009,53.2137,5.79872,80.2818,481113
53.2134,5.80002,62.9918,53.2137,5.79875,77.3153,481113
53.2134,5.80003,62.9635,53.2137,5.79877,77.5869,481114
53.2134,5.80001,62.4452,53.2137,5.79874,75.3739,481114
53.2133,5.80005,62.3581,53.2136,5.79876,73.5456,481114
53.2134,5.80003,55.3938,53.2134,5.79902,42.694,481114
53.2134,5.79995,56.7163,53.2134,5.79894,44.0204,481114
53.2134,5.7999,63.5497,53.2135,5.79889,50.8479,481115
53.2134,5.79992,74.5882,53.2135,5.7989,61.8676,481115
53.2134,5.79986,76.9127,53.2135,5.79885,64.2326,481115
53.2134,5.79989,78.2934,53.2134,5.79888,65.5699,481115
53.2135,5.79981,74.499,53.2131,5.79917,86.7394,481115
53.2135,5.79975,68.1543,53.2132,5.79911,80.4239,481116
53.2137,5.79971,63.0376,53.2133,5.79907,75.3111,481116
53.2136,5.79986,63.8898,53.2132,5.79922,76.0398,481116
53.2137,5.79979,62.5078,53.2133,5.79915,74.6732,481116
53.2139,5.79959,63.0268,53.2135,5.79895,75.2078,481116
53.2138,5.79956,72.4377,53.2134,5.79892,84.6878,481117
53.2139,5.79946,60.9507,53.2135,5.79882,73.1939,481117
53.214,5.79932,40.15,53.2136,5.79868,52.4437,481117
53.2144,5.79894,14.5845,53.214,5.7983,26.7503,481117
53.2139,5.79946,15.0704,53.2144,5.798,-7.98025,481117
53.214,5.79931,-6.53183,53.2145,5.79785,-29.4973,481118
53.214,5.79931,-9.95747,53.2145,5.79784,-32.9944,481118
53.214,5.79931,-11.2869,53.2145,5.79784,-34.6351,481118
53.2139,5.79939,1.8764,53.2144,5.79792,-21.4175,481118
53.2138,5.79948,16.4876,53.2143,5.79801,-6.7907,481118
53.2137,5.7996,29.9433,53.2142,5.79814,6.69571,481119
53.2136,5.79972,45.5289,53.2141,5.79826,22.6875,481119
53.214,5.79929,21.6119,53.2136,5.79866,33.8327,481119
53.2141,5.79922,16.2917,53.2137,5.79858,28.559,481119
53.214,5.79937,34.6383,53.2136,5.79874,46.9471,481119
53.214,5.79942,35.1151,53.2136,5.79878,47.3301,481120
53.2138,5.79954,35.6369,53.2134,5.7989,47.9598,481120
53.2137,5.79964,35.663,53.2133,5.799,47.909,481120
53.2135,5.79978,41.7461,53.2132,5.79914,54.0391,481120
53.2135,5.7998,36.4183,53.2131,5.79916,48.7109,481120
53.2135,5.79979,38.3836,53.2131,5.79915,50.6705,481121
53.2138,5.79949,27.4187,53.2134,5.79885,39.651,481121
53.2139,5.79941,18.9872,53.2135,5.79877,31.2536,481121
53.2139,5.79939,21.9626,53.2135,5.79875,34.2719,481121
53.2139,5.79939,21.7697,53.2135,5.79875,34.0398,481121
53.2137,5.7996,29.7649,53.2133,5.79897,42.0488,481122
53.2134,5.7999,29.7786,53.213,5.79926,42.0227,481122
53.2132,5.80014,36.4743,53.2128,5.79951,48.8097,481122
53.2128,5.80056,47.6644,53.2124,5.79992,59.9721,481122
53.2126,5.80078,56.5169,53.2123,5.80014,68.7904,481122
53.2126,5.80076,74.6072,53.2123,5.80012,86.9613,481123
53.2128,5.80064,68.0965,53.2124,5.80001,80.3838,481123
53.2128,5.80065,82.0536,53.2124,5.80001,94.3371,481123
53.2127,5.8007,89.1444,53.2123,5.80007,101.54,481123
53.213,5.80034,74.69,53.2126,5.7997,87.0056,481123
53.2134,5.7999,58.8062,53.2134,5.79889,46.2303,481124
53.2134,5.79973,60.6438,53.2135,5.79872,48.0461,481124
53.214,5.79917,31.9728,53.2136,5.79854,44.3189,481124
53.2142,5.79905,22.7205,53.2138,5.79841,35.0612,481124
53.2144,5.79889,6.883,53.214,5.79825,19.1968,481124
53.2136,5.79966,52.8835,53.2141,5.79819,29.4915,481125
53.2136,5.79962,51.8648,53.2141,5.79815,28.8888,481125
53.2136,5.79962,50.4262,53.2141,5.79816,27.5422,481125
53.2136,5.79958,40.2546,53.2141,5.79811,17.4549,481125
53.2137,5.7995,29.6737,53.2142,5.79803,6.96141,481125
53.2138,5.79945,21.7869,53.2143,5.79799,-0.945948,481126
53.2139,5.79939,15.5778,53.2144,5.79793,-7.29085,481126
53.2139,5.79941,18.2749,53.2144,5.79794,-4.87394,481126
53.2138,5.79944,23.9422,53.2143,5.79797,0.649711,481126
53.2138,5.79946,31.879,53.2143,5.79799,8.41039,481126
53.2147,5.79866,-15.1942,53.2143,5.79802,-2.81712,481127
53.2144,5.79894,5.02699,53.214,5.79831,17.45,481127
53.2142,5.79913,7.51072,53.2138,5.79849,19.8635,481127
53.2142,5.79913,3.22688,53.2138,5.79849,15.6098,481127
53.2142,5.79909,4.41481,53.2138,5.79845,16.7616,481127
53.2143,5.79898,-12.2879,53.214,5.79834,0.14366,481128
53.2142,5.79921,5.38507,53.2138,5.79858,17.6832,481128
53.214,5.79937,23.3003,53.2136,5.79873,35.7409,481128
53.2142,5.79918,18.7771,53.2138,5.79855,31.2277,481128
53.2141,5.79929,19.6998,53.2137,5.79866,32.1453,481128
53.2141,5.79932,18.7463,53.2137,5.79868,31.0677,481129
53.2139,5.79949,36.391,53.2135,5.79885,48.7824,481129
53.2138,5.79953,46.6145,53.2135,5.79889,59.0514,481129
53.2137,5.79967,64.4267,53.2133,5.79903,76.923,481129
53.2137,5.79962,54.9557,53.2142,5.79816,32.2555,481129
53.2138,5.79953,41.3277,53.2143,5.79806,18.6911,481130
53.2138,5.79956,39.8173,53.2143,5.7981,17.2873,481130
53.2138,5.79955,34.4037,53.2143,5.79808,12.0968,481130
53.2137,5.79966,42.5842,53.2142,5.7982,20.1921,481130
53.2137,5.79971,49.4603,53.2142,5.79824,27.1751,481130
53.2137,5.79967,47.6971,53.2142,5.79821,25.26,481131
53.2137,5.79962,43.9309,53.2142,5.79816,21.4087,481131
53.2137,5.79969,54.5729,53.2142,5.79823,31.8276,481131
53.2138,5.79963,42.253,53.2143,5.79817,19.3685,481131
53.2138,5.79963,44.2661,53.2143,5.79816,21.4945,481131
53.2138,5.79962,33.9526,53.2143,5.79815,11.1318,481132
53.2138,5.79959,29.0055,53.2143,5.79813,6.27629,481132
53.2139,5.79948,17.2208,53.2144,5.79802,-5.45684,481132
53.2139,5.79946,11.2831,53.2144,5.79799,-11.5153,481132
53.214,5.79942,-2.8373,53.2145,5.79796,-25.5549,481132
53.2141,5.79932,-18.848,53.2146,5.79786,-41.4719,481133
53.2141,5.79935,-16.2702,53.2146,5.79789,-38.947,481133
53.214,5.79942,-2.81833,53.2145,5.79795,-25.2738,481133
53.214,5.79943,-4.54556,53.2145,5.79796,-27.065,481133
53.214,5.79942,-2.03711,53.2145,5.79796,-24.5594,481133
53.2139,5.79943,-0.224895,53.2144,5.79797,-22.9011,481134
53.2139,5.79945,4.21935,53.2144,5.79798,-18.636,481134
53.214,5.79939,-5.01073,53.2145,5.79792,-27.7096,481134
53.214,5.79941,-6.57252,53.2145,5.79795,-29.358,481134
53.214,5.79939,-8.59537,53.2145,5.79793,-31.3976,481134
53.214,5.79943,-1.02725,53.2145,5.79796,-23.8233,481135
53.2139,5.79946,7.07768,53.2144,5.79799,-15.6956,481135
53.2139,5.79946,10.3219,53.2144,5.798,-12.6395,481135
53.2139,5.79945,9.21384,53.2144,5.79799,-13.5759,481135
53.2138,5.79952,19.794,53.2143,5.79805,-3.18212,481135
53.2138,5.79955,30.2319,53.2143,5.79809,7.44697,481136
53.2138,5.79951,30.2107,53.2143,5.79805,7.37381,481136
53.2138,5.79957,27.4339,53.2143,5.7981,4.48149,481136
53.2137,5.79966,39.913,53.2142,5.79819,16.8255,481136
53.2136,5.79971,43.8784,53.2142,5.79824,20.9293,481136
53.2137,5.79963,40.8825,53.2142,5.79817,17.9884,481137
53.2137,5.79963,40.4967,53.2142,5.79816,17.6566,481137
53.2137,5.79966,47.4265,53.2142,5.7982,24.8048,481137
53.2137,5.79962,41.6416,53.2142,5.79815,18.8072,481137
53.2137,5.79966,48.3626,53.2142,5.7982,25.306,481137
53.2136,5.79973,54.8316,53.2141,5.79826,31.7905,481138
53.2136,5.79973,61.3895,53.2141,5.79826,38.1365,481138
53.2135,5.79979,71.3251,53.214,5.79832,48.3653,481138
53.2135,5.7998,68.3004,53.214,5.79833,45.3862,481138
53.2135,5.79979,64.7801,53.214,5.79833,41.874,481138
53.2135,5.79981,61.2952,53.214,5.79834,38.51,481139
53.2136,5.79975,51.135,53.2141,5.79829,28.3624,481139
53.2136,5.7998,60.1035,53.2141,5.79833,37.3039,481139
53.2135,5.79982,64.2909,53.214,5.79836,41.51,481139
53.2135,5.79993,74.0407,53.214,5.79847,51.2969,481139
53.2135,5.7999,72.2023,53.214,5.79843,49.5279,481140
53.2135,5.79983,68.9395,53.214,5.79837,46.2023,481140
53.2135,5.79979,61.432,53.214,5.79832,38.6167,481140
53.2135,5.79979,66.0834,53.214,5.79832,43.2286,481140
53.2136,5.79977,59.3995,53.2141,5.7983,36.6212,481140
53.2134,5.79983,69.6416,53.2139,5.79836,46.7464,481141
53.2134,5.79982,74.2951,53.2139,5.79835,51.2874,481141
53.2135,5.79974,68.219,53.214,5.79827,45.2264,481141
53.2135,5.79973,64.4631,53.214,5.79826,41.6263,481141
53.2135,5.79975,75.0404,53.214,5.79828,52.199,481141
53.2134,5.79983,79.3421,53.2139,5.79836,56.4726,481142
53.2134,5.79991,87.5111,53.2139,5.79844,64.6981,481142
53.2133,5.80001,98.4044,53.2138,5.79855,75.4456,481142
53.2133,5.80002,99.295,53.2138,5.79855,76.3792,481142
53.2134,5.79993,89.6109,53.2139,5.79846,66.8501,481142
53.2134,5.79994,91.9194,53.2139,5.79847,69.2827,481143
53.2134,5.79991,82.9324,53.2139,5.79845,60.3558,481143
53.2135,5.79986,80.79,53.214,5.7984,58.2539,481143
53.2134,5.79989,80.8319,53.2139,5.79843,58.0505,481143
53.2134,5.79997,83.8436,53.2139,5.7985,61.1599,481143
53.2134,5.79993,87.1937,53.2139,5.79847,64.5621,481144
53.2135,5.79987,80.186,53.214,5.79841,57.563,481144
53.2135,5.79982,70.9228,53.214,5.79835,48.3652,481144
53.2135,5.79982,68.8433,53.214,5.79835,46.0496,481144
53.2136,5.79978,63.8335,53.2141,5.79831,40.9186,481144
53.2137,5.79973,57.3873,53.2142,5.79827,34.3287,481145
53.2137,5.79967,50.2086,53.2142,5.7982,27.012,481145
53.2136,5.79974,54.4606,53.2141,5.79828,31.2377,481145
53.2136,5.79972,57.6845,53.2141,5.79825,34.4215,481145
53.2136,5.79971,54.9386,53.2141,5.79825,31.4544,481145
53.2137,5.79965,42.6554,53.2142,5.79818,19.0482,481146
53.2137,5.79966,40.5291,53.2142,5.79819,16.78,481146
53.2136,5.79975,41.236,53.2141,5.79828,17.4145,481146
53.2136,5.79975,30.5405,53.2141,5.79828,6.92367,481146
53.2141,5.79939,14.7524,53.2137,5.79875,27.397,481146
53.2141,5.7994,19.8875,53.2137,5.79877,32.5467,481147
53.214,5.7995,29.0167,53.2136,5.79886,41.6963,481147
53.214,5.79945,34.2408,53.2136,5.79881,46.9567,481147
53.2141,5.79933,32.2459,53.2137,5.79869,44.9543,481147
53.2141,5.79927,33.9014,53.2138,5.79863,46.6377,481147
53.2142,5.7992,29.1681,53.2139,5.79856,41.8536,481148
53.214,5.7994,43.2086,53.2136,5.79876,55.8802,481148
53.214,5.79943,42.3823,53.2136,5.79879,55.0222,481148
53.2138,5.79961,44.4241,53.2134,5.79898,57.1502,481148
53.2136,5.7998,46.7658,53.2132,5.79917,59.5138,481148
53.2137,5.79973,39.1631,53.2142,5.79827,16.4106,481149
53.2136,5.79972,41.6316,53.2141,5.79825,18.7741,481149
53.2135,5.79982,59.5388,53.214,5.79835,36.665,481149
53.2134,5.79987,71.0301,53.2139,5.7984,47.8964,481149
53.2133,5.79987,78.0809,53.2138,5.7984,54.7275,481149
53.2133,5.79985,83.4699,53.2138,5.79838,59.4991,481150
53.2132,5.7999,95.5919,53.2138,5.79842,71.3704,481150
53.2133,5.79989,89.4373,53.2138,5.79842,65.0904,481150
53.2135,5.79974,75.6344,53.214,5.79827,51.4599,481150
53.2135,5.79975,67.1873,53.214,5.79828,43.2437,481150
53.2136,5.79976,55.8584,53.2141,5.79828,31.7907,481151
53.2136,5.7997,47.6486,53.2141,5.79823,23.9119,481151
53.2135,5.79975,56.4247,53.214,5.79827,32.4399,481151
53.2144,5.79892,26.0015,53.214,5.79828,39.0352,481151
53.2143,5.79893,32.9209,53.214,5.79829,45.8558,481151
53.2144,5.79886,33.484,53.2141,5.79822,46.4854,481152
53.2145,5.7988,31.9244,53.2141,5.79816,44.9495,481152
53.2143,5.79902,45.0683,53.2139,5.79838,58.024,481152
53.2141,5.79916,45.113,53.2137,5.79852,58.0576,481152
53.214,5.79924,39.7364,53.2136,5.7986,52.7142,481152
53.2141,5.79912,17.3318,53.2137,5.79848,30.3519,481153
53.214,5.79928,21.8138,53.2136,5.79864,34.8592,481153
53.2138,5.79948,31.649,53.2134,5.79884,44.6486,481153
53.2138,5.79947,21.5276,53.2134,5.79883,34.5488,481153
53.2137,5.79959,32.5013,53.2142,5.79811,9.47619,481153
53.2137,5.79961,24.9241,53.2133,5.79896,37.9404,481154
53.2138,5.79953,11.8196,53.2134,5.79889,24.8295,481154
53.2138,5.79956,10.2235,53.2134,5.79892,23.3,481154
53.2138,5.79948,-1.46914,53.2135,5.79884,11.5968,481154
53.2138,5.79951,1.17562,53.2134,5.79887,14.1613,481154
53.2138,5.79951,2.48651,53.2134,5.79887,15.5199,481155
53.2139,5.79935,3.69911,53.2136,5.79871,16.7141,481155
53.2138,5.79949,19.8923,53.2134,5.79885,32.9714,481155
53.2137,5.7995,26.401,53.2133,5.79886,39.4021,481155
53.2137,5.79953,29.8541,53.2133,5.79889,42.8679,481155
53.2138,5.79946,23.5135,53.2134,5.79882,36.564,481156
53.2136,5.79962,34.2342,53.2133,5.79898,47.2828,481156
53.2138,5.79943,14.1045,53.2134,5.79879,27.155,481156
53.2139,5.79943,15.5566,53.2135,5.79879,28.565,481156
53.2138,5.79953,14.7642,53.2134,5.79889,27.8032,481156
53.2137,5.79965,14.5225,53.2133,5.79901,27.5234,481157
53.2139,5.7995,1.4612,53.2135,5.79886,14.4998,481157
53.214,5.79942,-9.74381,53.2136,5.79878,3.32678,481157
53.2139,5.7995,-5.91326,53.2135,5.79886,7.11977,481157
53.2142,5.79925,-10.4566,53.2138,5.79861,2.59356,481157
53.2141,5.79927,-1.38747,53.2137,5.79863,11.6786,481158
53.2141,5.79932,6.31516,53.2137,5.79868,19.364,481158
53.2141,5.79934,6.60567,53.2137,5.7987,19.6323,481158
53.214,5.7994,8.47603,53.2136,5.79876,21.5642,481158
53.2143,5.79912,-3.5301,53.2139,5.79848,9.55984,481158
53.2144,5.79905,-8.05333,53.214,5.79841,5.02651,481159
53.2141,5.7993,4.97561,53.2137,5.79866,18.0237,481159
53.2142,5.79929,-3.46561,53.2138,5.79865,9.60946,481159
53.2143,5.79925,-5.05682,53.2139,5.79861,7.99231,481159
53.2138,5.79966,11.3879,53.2143,5.79818,-12.1976,481159
